review,kebersihan,linen,service,aspek
nyaman bersih tv lihat,pos,neut,neut,kebersihan
hotel bersih nyaman keyika masuk kamar bau bekas asap rokok,pos,neut,neut,kebersihan
bersih nyaman asri sayang air mati lokasi bkn d jalan utama,pos,neut,neut,kebersihan
kamar bersih nyaman sarap minimal menu air panas fungsi,pos,neut,neut,kebersihan
bersih tempat suka air panas macet kmrn,pos,neut,neut,kebersihan
bersih nyaman wifi lola banget,pos,neut,neut,kebersihan
kamar bagus rapi bersih wangi sayang kamar tempat ac nya dingin air panas nya makan enak porsi nya takar,pos,neut,neut,kebersihan
bersih kamar nyaman wifi connect,pos,neut,neut,kebersihan
kamar bersih air panas teesedia,pos,neut,neut,kebersihan
haha kolam renang tau anak kali ya tangga kamar luas bersih air kamar mandi shower ganti wifi kamar lantai tangga bawa barang ngos an untung,pos,neut,neut,kebersihan
nyamna bersih air panas dinyalain dingin,pos,neut,neut,kebersihan
kamar bersih nyaman toilet bersih hot shower sarap enak channel tv bagus butuh baik antena salur,pos,neut,neut,kebersihan
lumayan harga inap mahal tengah kota tempat bersih bising cocok istirahat saran nih ya tv nya enggak bisa tonton gambar kayak gelep hehe over all sih nyaman wifi nya hiks anak kuliah traveling backpaker reccomended nih bawah laundry an nya lumayan tidur tunggu baju laundry hihi kemarin sih kesana pesan kamar orang teman tinggal pesawat sepi hening,pos,neut,neut,kebersihan
kamar bersih nyaman cuman sayang air panas mati mohon tunjuk arah kiblat mudah muslim jalan sholat lebih good service thanks airy,pos,neut,neut,kebersihan
kualitas bersih benah wifi nya sinyal hape jelek,pos,neut,neut,kebersihan
kamar ok bersih rapi fasilitas ok ac dingin setting suhu rendah fan jetfan mohon baik overall ok terima kasih,pos,neut,neut,kebersihan
balkon puntung rokok wifi alas kamar pojok kunci toilet nya rusak kamar nya bersih tenang harga sahabat,pos,neut,neut,kebersihan
hotel bersih bagus kamar hot shower nya rusak mandi air panas overall oke,pos,neut,neut,kebersihan
tempat tenang bersih nyaman air panas shower stabilin lg,pos,neut,neut,kebersihan
kamar bersih sayang wifinya kamar tayang televisi buram gambar jernih chanel,pos,neut,neut,kebersihan
kamar bersih rapi kamar mandi suka bau moga depan over all oke,pos,neut,neut,kebersihan
kamar bersih nyaman air panas fungsi inap mohon baik,pos,neut,neut,kebersihan
kamar mandi bersih wangi,pos,neut,neut,kebersihan
kamar bersih unik sayang posisi tidur atas tinggal barang toilet turun tangga turun tangga bikin capek pas dtang ac dingin mbak sana rusak tunggu service nya pas tukang service ac nya rusak,pos,neut,neut,kebersihan
kamar bersih rapi sayang hot water nya fungsi suasana gelap sepi,pos,neut,neut,kebersihan
nyaman lumayan bersih menu sarap variasi hot spot wifi tambah,pos,neut,neut,kebersihan
kamar nya bersih nya nyaman toilet nya ya lumayan bersih kloset air nya rusak kendala kloset air panas lantai terima kasih airy,pos,neut,neut,kebersihan
kali inap tempat worth harga kamar bersih kamar mandi bersih masalah air panas overall recommended,pos,neut,neut,kebersihan
kamar bersih rapi kamar mandi lumayan makan enak murah sayang wifinya lot thx,pos,neut,neut,kebersihan
nyaman ruang bersih luas wifi jalan alias lelet,pos,neut,neut,kebersihan
bagus bersih bau aroma kamar,pos,neut,neut,kebersihan
kamar bagus bersih wifi lancar siar tv,pos,neut,neut,kebersihan
kamar bersih luas sayang wifi kamar,pos,neut,neut,kebersihan
lokasi hotel jalan utama kamar sedia telepon operator kost kondisi kamar bersih free wifi,pos,neut,neut,kebersihan
kamar bersih bentuk unik sinyal tv jernih,pos,neut,neut,kebersihan
airy progo bangun hotel progo renovasi berisik breakfast jam laku khusus check out seblm breakfast brkt seblm jam pagi kamar luas ac dingin bersih toilet tua water heater moga renovasi,pos,neut,neut,kebersihan
kamar bersih bau asal lemari pakai alhasil lemari kepake takut bau ngikut biaya tambah orang sarap ukur hotel bintang,pos,neut,neut,kebersihan
bersih nyaman cuman wifi lot banget makasih,pos,neut,neut,kebersihan
kali inap hotel kamar ac indak dingin serasa ac nya kamar suara dingin kamar berisik selaen ac dingin makan bersih muas,pos,neut,neut,kebersihan
kamar bersih toilet cacing,pos,neut,neut,kebersihan
lumayan murah diskon bersih nyaman privat kurang da hot water restaurant for all ok,pos,neut,neut,kebersihan
kamar bersih tlong siar tv nya baik tonton gara chanel nya parkir aman was was mskpun cctv top banget deh terima kasih playanan nya,pos,neut,neut,kebersihan
bersih rapi lumayan bagus kamar nya nyaman istirahat semut malam air panas nya dingin pintu langsung lobby resepsionis turun basement betah tidur,pos,neut,neut,kebersihan
puas inap hotel segi harga jangkau acbagus aman bagus bersih bagus air panas panas,pos,neut,neut,kebersihan
kamar bersih ac dingin ganti homestay kamar lift wifi lambat breakfast kasih piring sesuai harga,pos,neut,neut,kebersihan
kamar nya luas bersih nyaman wifi baik serig putus,pos,neut,neut,kebersihan
kamar bersih nyaman sesuai tawar fasilitas ac mati wifi conect kamar sempit,pos,neut,neut,kebersihan
lokasi hotel strategis mall suka kamar luas bersih kamar mandi sempit hot shower air panas menu breakfast variasi enak wifi konek,pos,neut,neut,kebersihan
kamar bagus bersih breakfast lumayan pilih air kamar mandi nya bau warna kuning,pos,neut,neut,kebersihan
kamar bersih hotel wifi parah makan variasi oke posisi strategis mana,pos,neut,neut,kebersihan
kamar luas bersih air panas fungsi,pos,neut,neut,kebersihan
tempat nyaman bersih lemari nya bau over all is ok,pos,neut,neut,kebersihan
kamar nyaman bersih lobby parkir baik,pos,neut,neut,kebersihan
nyaman bersih tv bagus tonton ac dingin,pos,neut,neut,kebersihan
jatimpark kamar bersih guest house renovasi debu bawa bayi hotel jatimpark,pos,neut,neut,kebersihan
nyaman bersih air hangat nya hangat dingin,pos,neut,neut,kebersihan
kamar wangi bersih nyaman ac dingin mas,pos,neut,neut,kebersihan
bersih nyaman wifi nyala wakfu,pos,neut,neut,kebersihan
ruang bersih akses mudah posisi lantai sesuai kriteria airy sedia air panas hot shower bang,pos,neut,neut,kebersihan
kamar nyaman luas bersih wifi air panas,pos,neut,neut,kebersihan
bagus nyaman bersih salur chanel tv nya tambah biar tonton siar tv sih lebih good,pos,neut,neut,kebersihan
kamar nyaman bersih kolam renang d sih lumayan kotor,pos,neut,neut,kebersihan
hotel bagus sayang masuk bau rokok lobby nya internet lambat mohon tingkat tv kabel mohon tingkat kamar bersih nyaman sarap variatif lezat kolam renang betah sayang warga bkn sewa hotel ikut renang ramai anak usia tanggung,pos,neut,neut,kebersihan
bangun bersih ok jalan utama harum toilet tq,pos,neut,neut,kebersihan
wifi gratis lobby kamar mandi serangga kamar bau rokok channel tv lengkap kamar bersih sandal hotel putus,pos,neut,neut,kebersihan
sesuai ekspektasi kamar bersih sempit kamar mandi bersih sayang air hangat cocok backpacker harga murah,pos,neut,neut,kebersihan
lokasi strategis murah cocok neko neko cari tidur bersih bau sedap toilet ganggu,pos,neut,neut,kebersihan
bagus mumer bersih air hangat mandi aja,pos,neut,neut,kebersihan
kamar rapi bersih wangi wifi kamar air hangat keran shower bocor mohon tingkat,pos,neut,neut,kebersihan
bangun kos kosan kamar bersih kamar mandi kotor suasana sepi enak istirahat sulit,pos,neut,neut,kebersihan
tempat bersih acnya dingin,pos,neut,neut,kebersihan
kamar nyaman bersih air panas sarap but overall,pos,neut,neut,kebersihan
nyaman rapi bersih ac dingin,pos,neut,neut,kebersihan
proses check cepat kamar bersih sedia air hangat inap wifi mati tv nyala,pos,neut,neut,kebersihan
kamar bersih air panas lancar siar tv lokal lebih nya ok deh,pos,neut,neut,kebersihan
kamar bagus rapi bersih nyaman pokok air panas keluar overall bagus,pos,neut,neut,kebersihan
kamar bersih lumayan banget harga segitu fasilitas oc tayang salur tvnya bersih lampu kali mati tangan sip ribut suara dengar kamar,pos,neut,neut,kebersihan
nyaman bersih wifinya kamar,pos,neut,neut,kebersihan
hotel strategis kmr bersih hotel renovasi dinding kmr kotor tembok cat ngelupas awat,pos,neut,neut,kebersihan
hai awat d kamar mandi ruang bersih nyamuk byk,pos,neut,neut,kebersihan
lumayan bersih nyaman showernya rusak air setel hangat panas bentar dingin panas dst,pos,neut,neut,kebersihan
kamar bersih luas kayak kosong suasana nya cuman bau kmr apek semprot harum masuk terang menu sarap sesuai harga kmr maklum,pos,neut,neut,kebersihan
kamar bagus bersih cuman jendela air panas pakai air dingin air overall kalo malam sih,pos,neut,neut,kebersihan
tidur ruang bersih ac fungsi,pos,neut,neut,kebersihan
tambah harum lemari overall kamar bersih banget nyaman fasilitas lengkap ac dingin sedia line telepon mesan taksi letak jalan raya,pos,neut,neut,kebersihan
ac nya dingin sendal nyaman bersih nyaman jakut hotel airy nya,pos,neut,neut,kebersihan
nyaman bersih kurang ac nya dingin,pos,neut,neut,kebersihan
kamar bersih air mandi panas over all good,pos,neut,neut,kebersihan
kamar bersih nyaman tingkat layan air panas mandi kamar nya view,pos,neut,neut,kebersihan
kamar bersih ac dingin sok far sok good,pos,neut,neut,kebersihan
kamar mandi bersih wangi channel televisi pakai antena kamar bersih wangi terima kasih lemari bau apek lembab,pos,neut,neut,kebersihan
tempat rapi bersih hot shower sedia,pos,neut,neut,kebersihan
sesuai gambar bersih ac dingin wifi kencang channel tv,pos,neut,neut,kebersihan
kamar luas bersih kamar mandi awat sarap variasi lokasi pinggir jalan mini market,pos,neut,neut,kebersihan
kamar bersih banget nyaman segar alam inap senang,pos,neut,neut,kebersihan
suasana kamar bersih rapi kesan senang inap,pos,neut,neut,kebersihan
bersih kamar jaga aman nyaman inap airy rooms,pos,neut,neut,kebersihan
kamar awat bersih suasana nyaman segar istirahat,pos,neut,neut,kebersihan
kesan kamar bersih awat alam inap senang,pos,neut,neut,kebersihan
hotel bersih ragu,pos,,,kebersihan
kes peduli bersih kamar bersih,pos,,,kebersihan
suka suasana bersih rapi hotel,pos,,,kebersihan
bersih kamar muas nyaman,pos,,,kebersihan
layan hotel bersih jaga alam inap senang,pos,,,kebersihan
utama bersih sudut hotel,pos,,,kebersihan
senang standar bersih,pos,,,kebersihan
kamar mandi bersih handuk ganti,pos,,,kebersihan
bersih harga tamu,pos,,,kebersihan
area hotel jaga bersih kesan,pos,,,kebersihan
temu cela sedikit kait bersih,pos,,,kebersihan
staff hotel peduli bersih nyaman tamu,pos,,,kebersihan
suasana bersih hotel,pos,,,kebersihan
perhati detail bersih,pos,,,kebersihan
tertib bersih jaga inap istimewa,pos,,,kebersihan
aman nyaman berkat bersih jaga,pos,,,kebersihan
debu kotor kamar bersih,pos,,,kebersihan
konsisten tahan standar bersih,pos,,,kebersihan
bersih kamar fasilitas hotel muas,pos,,,kebersihan
salah hotel tingkat bersih tinggi kunjung,pos,,,kebersihan
kes tingkat bersih sudut hotel,pos,,,kebersihan
hotel hilang fokus bersih kesan,pos,,,kebersihan
bersih tenang santai inap,pos,,,kebersihan
kamar bersih sempurna layan,pos,,,kebersihan
utama bersih standar,pos,,,kebersihan
nyaman bersih jaga,pos,,,kebersihan
kali inap bersih prioritas utama,pos,,,kebersihan
lobi kamar bersih awat,pos,,,kebersihan
fasilitas hotel bersih rapi,pos,,,kebersihan
staf perhati detail bersih alam inap,pos,,,kebersihan
bersih hotel layak acung jempol muas,pos,,,kebersihan
kamar awat keluh kait bersih,pos,,,kebersihan
abai bersih ramai unjung,pos,,,kebersihan
segar bersih udara hotel jaga,pos,,,kebersihan
muka bersih steril harga,pos,,,kebersihan
hotel investasi upaya tahan bersih,pos,,,kebersihan
bersih hotel lampau harap impresif,pos,,,kebersihan
bersih hotel milik kompromi,pos,,,kebersihan
kamar mandi bersih awat,pos,,,kebersihan
aman segi bersih sanitasi inap,pos,,,kebersihan
bersih rumah,pos,,,kebersihan
hotel contoh bagus jaga bersih,pos,,,kebersihan
sungguh sungguh jaga bersih konsisten cela sedikit,pos,,,kebersihan
puas tingkat bersih jaga,pos,,,kebersihan
bersih abai hotel,pos,,,kebersihan
sudut hotel bersih tata rapi,pos,,,kebersihan
kualitas bersih kamar kecewa,pos,,,kebersihan
serius alam bersih tamu,pos,,,kebersihan
ganggu tingkat bersih,pos,,,kebersihan
bersih hotel patut acung jempol layak rekomendasi,pos,,,kebersihan
bersih,neg,neut,neut,kebersihan
kecewa hotel bad image bersih berisik,neg,neut,neut,kebersihan
kamar mandi tingkat showernya nyala,neg,neut,neut,kebersihan
banget kamar sawang bedebu lamou kamar mandi mmati kamar mandi bersih parah deh,neg,neut,neut,kebersihan
bersih,neg,neut,neut,kebersihan
bersih kamar tingkat ya kusen jendela kotor banget,neg,neut,neut,kebersihan
tempat sih strategis jual makan kamar sempit kamar mandi bau kran air karat air lancar hewan kamar mandi kecoak kelabang mati kecewa muas,neg,neut,neut,kebersihan
murah nyaman toilet kotor,neg,neut,neut,kebersihan
nginap kemarin tidur bersih,neg,neut,neut,kebersihan
kamar mandi bersih,neg,neut,neut,kebersihan
lumayan kamar mandi bersih bau,neg,neut,neut,kebersihan
lantai tidur bersih akses sulit,neg,neut,neut,kebersihan
bersih nya tingkat kamar nya doang bersihin nya perhatiin,neg,neut,neut,kebersihan
nyaman shower closet duduk bersih kesan,neg,neut,neut,kebersihan
tempat strategis luas jorok,neg,neut,neut,kebersihan
wastafel macet kamar bersih lemari sawang,neg,neut,neut,kebersihan
tingkat bersih,neg,neut,neut,kebersihan
bersih kamar perhati,neg,neut,neut,kebersihan
kamar perhati bersih,neg,neut,neut,kebersihan
kamar luas lokasi strategis dkt kampus mall tempag makan kamar mandi kotor d,neg,neut,neut,kebersihan
kamar kuranf bagus lampu nyala petang ruang bau kamar mandi kotor,neg,neut,neut,kebersihan
kamar bersih,neg,neut,neut,kebersihan
kamar panas lantai kamar kotor alat housekeping letak lorong hotel,neg,neut,neut,kebersihan
kamar mandi tolong perhati bersih bau closet ya makasih,neg,neut,neut,kebersihan
kamar bau rokok air kamar mandi bocor kamar ac dingin maaf komplain jaga kualitas,neg,neut,neut,kebersihan
kecoa kamar mandi ac dingin air panas malam nyala,neg,neut,neut,kebersihan
air bau banget lantai kotor solat,neg,neut,neut,kebersihan
kamar mandi bersih air asin,neg,neut,neut,kebersihan
kamar nya lumayan wifi nya kamar kamar mandi bau jorok,neg,neut,neut,kebersihan
pintu kamar bekas congkel kamar mandi bersih lemari baju tutup lepas lampu kamar remang,neg,neut,neut,kebersihan
kamar nya kotor gelap lantai nya pel,neg,neut,neut,kebersihan
kamar mandi kotor,neg,neut,neut,kebersihan
closet nya rusak kamar mandi bersih lemari jamur bersih alas tidur kotor nyamuk,neg,neut,neut,kebersihan
bersih selimut kamar perhati overall not bad,neg,neut,neut,kebersihan
bersih aja,neg,neut,neut,kebersihan
kamar sesuai gambar tampil kotor,neg,neut,neut,kebersihan
jaga bersih trims,neg,neut,neut,kebersihan
kalo itinerary putar minyak nya ok relatif mana kamar mandi tingkat bersih nya ok,neg,neut,neut,kebersihan
kamar jarang dibersihin,neg,neut,neut,kebersihan
tv chanel toilet masalah,neg,neut,neut,kebersihan
nyaman lantai kaca kamar mandi inap bersih,neg,neut,neut,kebersihan
wcnya lumut bikin jijik,neg,neut,neut,kebersihan
kamar bersih,neg,neut,neut,kebersihan
airy nya bagus cuman hotel gajah mada nya tua kamar mandi bau debu tida,neg,neut,neut,kebersihan
ac nya panas dingin bersih,neg,neut,neut,kebersihan
overall oke overpriced kayak debu nyamuk serin,neg,neut,neut,kebersihan
very nice rambut,neg,neut,neut,kebersihan
rekomendasi kamar no tembok kotor nyamuk wc bau kamar mandi jorok,neg,neut,neut,kebersihan
air panas nyala wc bersih,neg,neut,neut,kebersihan
air kotor lampu kamar redup kamar mandi bersih,neg,neut,neut,kebersihan
kaca kamar mandi kotor,neg,neut,neut,kebersihan
kasur debu,neg,neut,neut,kebersihan
furniturenya bagus sayang lift pakai kamar bersih kamar mandi tumbuh jamur overall lumayan harga segitu,neg,neut,neut,kebersihan
sesuai gambar bersih tingkat,neg,neut,neut,kebersihan
wifi kamar mandi bersih,neg,neut,neut,kebersihan
nyaman parkirn aman ac wifii air mandi lancar rada kecewa lantai kamar keramik kamar mandi sdikit kotor langit nya overal kalo tinggal sih okee,neg,neut,neut,kebersihan
ruh ya harga promo murah kamar sempit properti usang,neg,neut,neut,kebersihan
layak tua debu panas pakai kipas angin kecewa,neg,neut,neut,kebersihan
bagus bersih kirang rambut bantal,neg,neut,neut,kebersihan
standard airy bagus kunjung kamar improve standar bersih cahaya terang teknologi lampu led murah tingkat occupansi spoky kamar sih luas remaja lihat kamar sila lihat youtube alfalegro jalan jalan,neg,neut,neut,kebersihan
strategis sayang bersih tidur lebih sesuai harga,neg,neut,neut,kebersihan
lampu terang lantai kamar pel moga terima kasih,neg,neut,neut,kebersihan
kloset kamar mandi bersih air panas panas pagi air dingin,neg,neut,neut,kebersihan
kamar ruang tamu luas lokasi strategis bersih tingkat,neg,neut,neut,kebersihan
bersih tolong perhati better harga segitu jangkau,neg,neut,neut,kebersihan
desain suka bal banget makan murah lumayan sampai wc nya seram sih kotor wc nya pasir mana pw sih hotel santai kursi,neg,neut,neut,kebersihan
overall okay kloset jorok air panas stabil,neg,neut,neut,kebersihan
kamar mandi rawat nyaman,neg,neut,neut,kebersihan
kamar bersih sarap aja,neg,neut,neut,kebersihan
langit langit kamar mandi bocor baik wifi jangkau kayu pintu jendela sip air aroma kamar lembab binatang semut makan kayu muncul cari bal,neg,neut,neut,kebersihan
lihat kamar bersih ya kursi meja debu,neg,neut,neut,kebersihan
kursi pakai jadi ganjal meja toilet becek ac berisik kolong kasur kotor sampah,neg,neut,neut,kebersihan
kondisi kamar mandi bagus air lengket bangun mohon tingkat bersih kamar lebih oke terima kasih,neg,neut,neut,kebersihan
kondisi kamar sapu kolong kasur sampah kloset kotor bekas pipis siram jorok tolong tamu cek periksa kamar,neg,neut,neut,kebersihan
kamar sesuai foto kotor awat foto tipu,neg,neut,neut,kebersihan
bersih debu bulu rambut tidur,neg,neut,neut,kebersihan
luas kamarnyaa kamar mandi bersihh trimakasih airy,neg,neut,neut,kebersihan
lumayan murah ac dingin kamar mandi bersih lingkung kamar bersih,neg,neut,neut,kebersihan
kualitas furnitur bersih tingkat,neg,neut,neut,kebersihan
tempat kotor remote tv fungsi ac bocor remote,neg,neut,neut,kebersihan
bersih kamar mohon perhati dalam kamar bau toilet sengat,neg,neut,neut,kebersihan
kamae mandi bersih puntung rokok kamar tidur bau sedap ac dingin view enak jg,neg,neut,neut,kebersihan
debu tarik,neg,neut,neut,kebersihan
kemarin kunci nya rusak kalo masuksusah buka nya wc nya kemarin kotor,neg,neut,neut,kebersihan
bersih serangga,neg,neut,neut,kebersihan
kamar mandi temu darah tempel selang siram wc nya,neg,neut,neut,kebersihan
lumayan nyaman ac dingin bersih tingkat,neg,neut,neut,kebersihan
lemari kamar ya tolong biar debu remah remah bangun,neg,neut,neut,kebersihan
bersih sih kamar maaf kamar mandi brsih bekas rambut buang air wastapelnya kotor rambut,neg,neut,neut,kebersihan
inap malam airy eco sleman jembatan merah first impression masuk dalam kamar kecewa kamar luas pesan family room kamar mandi bau room mate keset kaki bau sih toilet kotor bau kecewa,neg,neut,neut,kebersihan
kamar sesuai harap ac kotor ubin angkat bahaya injak toilet kecoa general cleaning kala fasilitas buruk,neg,neut,neut,kebersihan
toilets kotor n jalan pool kotor sekli kayak kolam ikan wifi telepon d pakai all is bad,neg,neut,neut,kebersihan
kamar bersih gelap bau serangga nyamuk,neg,neut,neut,kebersihan
kamar kotor ac panas langsung checkout terimakasih,neg,neut,neut,kebersihan
lokasi bagus kamar bersih,neg,neut,neut,kebersihan
kamar bersih,neg,neut,neut,kebersihan
kamar bersih tikus dalam kamar gigit jempol kaki,neg,neut,neut,kebersihan
lokasi strategis kamar sempit kotor,neg,neut,neut,kebersihan
booking kmr sabtu air mati shg mandi urus kamar kamar mandi kotor ranjang bersih kamar lumayan prncahayaan ruang kirang lampu,neg,neut,neut,kebersihan
temu sarang laba laba sudut kamar bersih,neg,,,kebersihan
kamar mandi kotor awat,neg,,,kebersihan
lantai kamar lengket kotor nyaman,neg,,,kebersihan
kecewa kualitas bersih linen selimut kamar,neg,,,kebersihan
kamar cium bau sedap alam inap senang,neg,,,kebersihan
fasilitas lift tangga kotor awat,neg,,,kebersihan
bersih ruang makan hotel buruk meja bersih,neg,,,kebersihan
temu noda kotor sofa kamar,neg,,,kebersihan
area kolam renang kotor jaga bersih,neg,,,kebersihan
alam check buruk kamar kotor beranta,neg,,,kebersihan
debu ventilasi ac jaga bersih,neg,,,kebersihan
kamar kumuh awat,neg,,,kebersihan
bau enak lemari kamar,neg,,,kebersihan
bersih kamar perhati sudut sudut ruang,neg,,,kebersihan
temu bekas makan tamu lemari es,neg,,,kebersihan
bersih linen handuk sedia kecewa,neg,,,kebersihan
rambut sebar lantai kamar tanda bersih optimal,neg,,,kebersihan
kondisi kamar standar bersih harap,neg,,,kebersihan
guna produk bersih tinggal aroma senang kamar,neg,,,kebersihan
bersih jendela kamar jaga debu tempel,neg,,,kebersihan
area parkir kotor awat,neg,,,kebersihan
layan housekeeping lambat bersih kamar,neg,,,kebersihan
guna wangi ganggu alergi kesan bersih,neg,,,kebersihan
temu bekas makan tidur bersih,neg,,,kebersihan
bersih handuk sedia kamar prihatin,neg,,,kebersihan
kecewa kualitas bersih kamar mandi noda hilang,neg,,,kebersihan
kamar temu sampah bersih bak sampah,neg,,,kebersihan
bersih linen tidur buruk noda abai,neg,,,kebersihan
kecewa lantai kamar lengket kotor,neg,,,kebersihan
guna alat bersih tinggal jejak noda muka meja,neg,,,kebersihan
bersih kamar kecewa temu debu,neg,,,kebersihan
kecewa kamar bersih datang,neg,,,kebersihan
bau sedap kamar alam inap senang,neg,,,kebersihan
sayang bersih kamar mandi jaga,neg,,,kebersihan
duga temu noda linen tidur,neg,,,kebersihan
layan housekeeping kamar bersih,neg,,,kebersihan
temu rambut wastafel lantai kamar jijik,neg,,,kebersihan
bersih kamar buruk debu penjuru,neg,,,kebersihan
nyaman kesan bersih jaga area hotel,neg,,,kebersihan
layan bersih muas handuk ganti kotor kamar bersih,neg,,,kebersihan
alam check kali kecewa kamar kotor,neg,,,kebersihan
kamar kusam awat segi bersih,neg,,,kebersihan
inap kamar bersih nyaman,neg,,,kebersihan
bekas bekas noda bersih meja kursi kamar,neg,,,kebersihan
alam buruk bersih kamar pada,neg,,,kebersihan
temu kotor karpet kamar kecewa,neg,,,kebersihan
bathroom amenities ganti higienis,neg,,,kebersihan
kecewa bersih kamar banding harga bayar,neg,,,kebersihan
bau sedap koridor kesan kurang perhati bersih,neg,,,kebersihan
sayang bersih kamar mandi jaga,neg,,,kebersihan
layan ramah air panas shower baik,neut,neut,pos,service
staff ramah lokasi harga mahal fasilitas minim no wifi kamar sarap nasi goreng nyamuk,neut,neut,pos,service
kamar luas staff ramah sarap enak air kamar mandi bau enak,neut,neut,pos,service
layan bagus ramah ac dingin channel tv lengkap,neut,neut,pos,service
layan kondisi kamar tolong perhati kamar mandi bau dikit overall puass bandung insyaalloh kesini harga murah kualitas mewah thanks airy rooms,neut,neut,pos,service
servicenya ok pegawai ramah pandang ok view ok cuman air panas mandi kadang panas kadang all mantap tingkat lg,neut,neut,pos,service
alamat hotel sulit temu waze deteksi ac dingin jendela rusak layan nya ramah ganteng,neut,neut,pos,service
hotel bagus layan kurang ac dingin,neut,neut,pos,service
kesan layan ramah kesan ac kamar tetes air keluar angin solusi hotel tampung air tadah pakai wadah moga depan baik,neut,neut,pos,service
layan ok kamar pengap ac tua berisik,neut,neut,pos,service
suka banget pakai airy hotel nyaman sinyal susah playanan suka harga cucp habis besok q pakai airy kalo psan hotel,neut,neut,pos,service
layan ramah kamar mandi bauuu,neut,neut,pos,service
suka nyaman malam guesthouse service muas siap air hangat ok pas banget balkon mungil baik sinyal wifi lancar kawasan otten pakai kartu sinyal nya ok banget tq iry,neut,neut,pos,service
layan y muas masuk kamar tempat bau y enak kamar y kasih harum ruanagan,neut,neut,pos,service
layan muas rumah ac cuci dingin,neut,neut,pos,service
nyaman layan air hangat fungsi,neut,neut,pos,service
nyaman kamar luas pegawai ramah sayang air panas fungsi,neut,neut,pos,service
overall murah layan prima fasilitas lengkap sesuai tawar reservasi salah kamar pesan acnya panas untung hotel sedia mindahkan kamar nice airy,neut,neut,pos,service
bagus kamar layan bagus kurang channel tv kabel,neut,neut,pos,service
layan air panas,neut,neut,pos,service
layan ramah saran perhati water heater nya lebih ok,neut,neut,pos,service
lokasi strategis mall ac dingin layan ok toilet bau remote tv fungsi,neut,neut,pos,service
puas layan ramah staff cocok backpacker harga relatif jangkau air bau harap tindak lanjut air mandi flush toilet terima kasih,neut,neut,pos,service
sesuai harga ramah fyi air panas fungsi air,neut,neut,pos,service
overall puas layan airyroom dperbaiki kamar mandi bau ptama masuk mhn dksh harum karbol,neut,neut,pos,service
layan ramah tidur nyaman bersih ac nyala air panas wifinya kencang baik bau salur air kamar mandi langsung hilang bau muas terimakasih,neut,neut,pos,service
layan muas dingin ruang dingin bersih terimah kasih,neut,neut,pos,service
baikndr segi fasilitas layan minus ac dingin,neut,neut,pos,service
layan bagus kamar pesan ac dingin kmr mandi bau,neut,neut,pos,service
water heater nyala ac dingin lebih layan ok,neut,neut,pos,service
bagus nyaman st kereta sawah makan standar siar tv nya mustinya staff ramah bantu no deposit,neut,neut,pos,service
kamar sesuai foto sarap pagi nya lmyn chek cepat n pakai deposit nya gang ac on keran wastafel nya ok,neut,neut,pos,service
suka twin bed room banding double bed room lengkap wifi kamar rusak pegawai ramah,neut,neut,pos,service
ruang kes sempit airy kamar lantai jendela hot shower ruko jadi hotel boring kamar situasi kamar layan wifi kencang air mineral air galon isi hotel masuk eco standard,neut,neut,pos,service
layan ramah gang jalan masuk kamar nya ac nya dingin nyamuk,neut,neut,pos,service
pelanyanan cuman chanel tv ya,neut,neut,pos,service
layan kamar nyaman cuman sayang bau rokok kamar,neut,neut,pos,service
layan ramah hotel kamar mandi sayang air panas malam nyala kecewa,neut,neut,pos,service
susah hubung wifi lantai tugas hotel ramah,neut,neut,pos,service
staff ramah wifi kamar jangkau,neut,neut,pos,service
resepsionis ramah acnya dingin,neut,neut,pos,service
overall oke ac dingin cat lapuk cat ulang pegawai ramah mana,neut,neut,pos,service
kali nginap kamar luas loaksai strategis sarap enak layan ramah wifi lot dikit,neut,neut,pos,service
layan channel tvnya kadang erorr,neut,neut,pos,service
layan ramah breakfast ganti pakai sahur antar kamar sayang wifi ac nya jalan,neut,neut,pos,service
layan ramah tamu lokasi strategis stasiun menit jalan kaki sayang wifinya kamar,neut,neut,pos,service
kamar rapi layan muas pintu kamar mandi water heater baik,neut,neut,pos,service
layan kamar oke sesuai harga kamar mandi butuh harum bau pesing channel tv tonton poor signal overall hotel letak strategis cocok urus daerah kuningan sisi plus cari makan hotel mudah,neut,neut,pos,service
layan fasilitas sesuai harga ac berisik,neut,neut,pos,service
puas sih kamar luas ranjang twin nya lebar staff resepsionis ramah helpful kecewa wifi mati alias akses baik cekout kunjung pakai,neut,neut,pos,service
ya lumayan budget segitu layan ramah kasih bintang kamar mandi nya blower bau,neut,neut,pos,service
layan ramah air panas kamar mandi wifi hubung cahaya minim,neut,neut,pos,service
karyawannya ramah cuman sih i kamar ser property airy tlf fo nya sadar sih i airy fouchernya ket airynya air panas dingin mandi cuman air dingin konfrmasi cuman kamar standar air panas brti ket hotelx boong,neut,neut,pos,service
kamar nya oke bagus rapi ac dingin ramah wifinya parah dipake,neut,neut,pos,service
kamar luas nya masuk gang sinyal wifi stabil staff ramah parkir luas,neut,neut,pos,service
kamar bagus karyawan ramah sarap wita bikin payah andai turun kamar ain good,neut,neut,pos,service
bagus sinyal kamar wifi nyaman layan,neut,neut,pos,service
kamar nyaman minimal reseptionis ramah air ac bocor alir pintu air shower kali hidup bau atap kamar tikus channel tv restaurant tutup jam malam buku room service tulis close jam malam mohon baik,neut,neut,pos,service
bau berisik ganti type room refund serba lokasi rumah tmpat mkan indomaret alfamart staf sih tentu airy langsung nginap kesana,neut,neut,pos,service
sarap service,neut,neut,pos,service
staff ya ramah air panas panas,neut,neut,pos,service
layan ramah kamar nya dingin air mandi panas,neut,neut,pos,service
layan jaring wifi nya,neut,neut,pos,service
layan ac dingin air da air panas,neut,neut,pos,service
layan ramah tv nya,neut,neut,pos,service
layan mobil cuci sayang kamar tv flat air panas fungsi lebih muas,neut,neut,pos,service
nya nyaman banget layan ramah air kamar mandi nya ac nya dingin,neut,neut,pos,service
layan ramah ac dingin kesel nya reservasi daftar hotel tv hotel remotnya fungsi tambah jaga kantin kembali bicara apa,neut,neut,pos,service
layan ok hotel jam malam tunggu debit air shower kamar mandi baik dikit sok far rekom deh,neut,neut,pos,service
ramai susah cari minimarket indomaret alfa akses pinggir jalan customer servicenya ramah ac nya pas subuh dingin harga fasilitas good,neut,neut,pos,service
pelayananya ramah sayang wifinya susah,neut,neut,pos,service
cek lancar ac nya dingin,neut,neut,pos,service
suasana hotel jadul senang kayak china town stasiun gambir staff hotel ramah sarap enaaaaaak fasilitas kamar fungsi wifi kuat kamar lantai worth suka nuansa zaman terima kasih airy rooms,neut,neut,pos,service
breakfastnya enak staff layan ramah ac dingin,neut,neut,pos,service
view bagus layan bagus ac dingin,neut,neut,pos,service
antar bandara gratis wifinya baik kali coba connect gagal ip over all staff sopan ramah,neut,neut,pos,service
nyaman receptionist ramah malam tamu telpon depan receptionist pintu batas ruang biar buka tugas malam rawa kurus shg suara dengar kanar,neut,neut,pos,service
jaring kamar wifi telefon rusak pesan makan bawah resepsionis nya oke cepat ramah,neut,neut,pos,service
layan ramah sesuai gambar strategis mudah akses mana kualitas wifi baik jaring lambat suasana nyaman relax,neut,neut,pos,service
staf cepat tanggap ramah makan lumayan lokasi mega mall desain hotel antik sayang lantai kamar mandi desain bagus mandi air alir buang air mandi panas,neut,neut,pos,service
layan bagus suasa nyaman pas masuk kamar bau kamper krasa bgt,neut,neut,pos,service
layan muas makan enak kamar mandi bau over all ok,neut,neut,pos,service
staf ramah responsif bantu cepat butuh,neut,neut,pos,service
layan staf sopan bantu,neut,neut,pos,service
resepsionis ramah informasi ramah,neut,neut,pos,service
layan hotel istimewa staf sigap atas minta cepat,neut,neut,pos,service
staf helpful banget bantu senyum wajah,neut,neut,pos,service
resepsionis ramah layan informatif,neut,neut,pos,service
staf hotel profesional bantu butuh tamu,neut,neut,pos,service
layan staf ramah akomodasi butuh,neut,neut,pos,service
staf perhati layan baik inap,neut,neut,pos,service
layan cepat efisien staf sopan ramah,neut,neut,pos,service
resepsionis bantu informasi,neut,neut,pos,service
staf hotel kesan penuh perhati tamu,neut,neut,pos,service
layan kamar staf responsif butuh tamu,neut,neut,pos,service
staf ramah saran bantu,neut,neut,pos,service
resepsionis informatif pandu inap,neut,neut,pos,service
staf hotel profesional layan inap,neut,neut,pos,service
layan staf friendly bantu,neut,neut,pos,service
layan hotel staf ramah bantu,,,,service
kes ramah profesionalisme staf hotel,,,,service
staf hotel responsif butuh tamu layan cepat efisien,,,,service
layan kamar bersih rapi jaga,,,,service
puas tingkat perhati ramah staf hotel,,,,service
tepat layan kamar tanggap sigap minta tamu,,,,service
staf hotel layan senyum,,,,service
layan restoran hotel muas staf ramah bantu,,,,service
harga tamu layan staf hotel,,,,service
kualitas layan konsisten staf hotel,,,,service
layan concierge bantu informasi lengkap,,,,service
staf hotel peduli butuh tamu tahu,,,,service
layan kamar muas bersih rapi,,,,service
kes sedia staf hotel bantu tamu,,,,service
sopan ramah staf hotel interaksi,,,,service
layan resepsionis cepat informatif proses check in,,,,service
staf hotel layan kecuali ramah sigap,,,,service
senang tingkat profesionalisme peduli staf hotel,,,,service
kualitas layan staf baik,,,,service
layan kamar staf jaga bersih,,,,service
staf hotel sigap tanggap minta keluh tamu,,,,service
tepat layan concierge layan informatif,,,,service
layan restoran muas staf perhati ekstra tamu,,,,service
kes sedia staf hotel bantu,,,,service
ramah sabar staf hotel tamu,,,,service
layan kamar staf hotel jaga bersih rapi,,,,service
staf hotel layan ramah informatif,,,,service
sigap staf hotel selesai minta tamu cepat,,,,service
layan resepsionis ramah bantu proses check check out,,,,service
kualitas layan staf perhati maksimal,,,,service
staf hotel terampil tangan situasi kompleks,,,,service
layan concierge informatif bantu,,,,service
ramah peduli staf hotel alam inap istimewa,,,,service
layan kamar staf jaga bersih nyaman,,,,service
staf hotel sigap tanggap minta tamu cepat,,,,service
sigap staf hotel selesai timbul inap,,,,service
layan restoran staf perhati khusus tamu,,,,service
kes tingkat ramah sopan staf hotel,,,,service
kualitas layan staf baik,,,,service
layan kamar staf jaga bersih sempurna,,,,service
staf hotel ramah responsif butuh tamu,,,,service
layan concierge bantu informatif,,,,service
ramah sigap staf hotel layan istimewa,,,,service
layan kamar staf jaga bersih,,,,service
staf hotel paham butuh tamu layan,,,,service
tepat layan concierge layan informatif,,,,service
layan restoran muas staf perhati ekstra tamu,,,,service
staf hotel sigap tanggap minta tamu,,,,service
sigap staf hotel tanggap situasi kompleks,,,,service
layan kamar staf hotel jaga bersih,,,,service
layan sarap pagi laku syarat jam pagi ters,neut,neut,neg,service
layan ramah,neut,neut,neg,service
sopan,neut,neut,neg,service
layan nya ramah sahabat,neut,neut,neg,service
inap pintu gerbang tutup rapat tekan bel indak buka,neut,neut,neg,service
breakfast enak bagus tidur orang buka pintu kamar tidur kamar kunci tamu tugas mohon perhati,neut,neut,neg,service
kamar sederhana makan sarap pagi enak layan makan nyaman,neut,neut,neg,service
staf griya amartha obrol teriak lorong pagi buta ganggu istirahat,neut,neut,neg,service
kamar bagus layan senang,neut,neut,neg,service
resepsionis available hours check resepsionis menelfon tunggu ketik check out tunggu menit layan resepsionis kucing bau busuk inap internet,neut,neut,neg,service
kamar nyaman kamar lantai lift dugas cowok jutek konfirmasi earlu cek inap tyt bs,neut,neut,neg,service
layan ramah tamu tuntun kamar bayar mere,neut,neut,neg,service
ac mati keset layan,neut,neut,neg,service
kecewa nya susah d cari kamar mandi pengap bau ac dingin tetes milik nya amat sopan cocok milik inap kayak rem pasar kemarin kamar tangg,neut,neut,neg,service
sesuai espektasi kamar sempit pintu kamar mandi rusak cek tunggu malam suara berisik atap kamar nyaman,neut,neut,neg,service
layan buruk mohon baik,neut,neut,neg,service
layan sopan tertawa bahak bahak tatap remeh tamu,neut,neut,neg,service
kamar panas ac proses check lancar tepat jaga inap rumah,neut,neut,neg,service
layan not such a nice service and place sok worth the price,neut,neut,neg,service
layan kamar semut semprot nyamuk respon dingin cuek,neut,neut,neg,service
check sesuai informasi hotel cantum check jam fakta check jam,neut,neut,neg,service
layak hotel inap airy room kenal bersih nyaman harga lumayan standar dar numpang tidur prrbaiki deh manajemen terimabkasih,neut,neut,neg,service
layan bantu bawa barang sulit masuk kamar bau apek jam bantu wangi,neut,neut,neg,service
backpacker bagus jaga nya buka pintu kalo pulang jam malam,neut,neut,neg,service
kecewa layan nya buruk security staff hotel receptionistnya ramah pesan makan banget mesti telpon kali mohon tingkat bidang layan,neut,neut,neg,service
kapok nginep tugas milik inap sopan tata krama nya terima customer pakai sarung marah nunjuk telat jam terbang delay tulis batas ci jam siang telp airy kalo nya malam parkir mobil amburadul jalan atur,neut,neut,neg,service
kecewa bayar parkir its oke kalo parkir parkir jalan parkir dalam cctv karyawan,neut,neut,neg,service
bagus ramah tugas nya,neut,neut,neg,service
kamar sesuai foto sempit banget posisi wastefel kmrmandi gmbar posisi wastafel kamar mandi sempit pas nyalain air shower mentok tmbok kamar asbes kedap sura brisik kalo obrol staf jutek kecewa,neut,neut,neg,service
layan ramah,neut,neut,neg,service
proses cekin staff bingung,neut,neut,neg,service
kelola layan sesuai standar airy mana inap d,neut,neut,neg,service
cs ramah tv kabel air panas pakai airy room cuman parkir bayar ribu,neut,neut,neg,service
kamar pas nyaman tv fungsi layan ramah,neut,neut,neg,service
dikunciin luar alesannya jam malam kunci,neut,neut,neg,service
nyaman layan bagus,neut,neut,neg,service
sheeting kamar kali chek airy rooms kamar sheeting atribut airy bantal makan alat mandi sedia hotel,neut,neut,neg,service
layan tamu mohon maksimal,neut,neut,neg,service
bangun tua layan kecewa,neut,neut,neg,service
layan ramah prohram airy,neut,neut,neg,service
resepsionis cewek lot banget kerja sarap kamar sesuai gambar,neut,neut,neg,service
but ramah ya,neut,neut,neg,service
sungguh libur kecewa layan buruk staff care guest inap hampir hp kena tetes air ac trouble mobil parkir serempet mobil guest security jawab tau,neut,neut,neg,service
layan,neut,neut,neg,service
kamar mandi bau bellboy,neut,neut,neg,service
tuduh ambil remot tv rusak lemari pakai lemari cari ketemu coba,neut,neut,neg,service
pintu toilet rusak layan karyawan ramah,neut,neut,neg,service
shower mati deh receptionisep senyum,neut,neut,neg,service
barang tinggal kmr pd check out jalan kalung anak tinggal toilet tugas housekeeping bersih kamar bilang leta kamar mandi samping keran wastafel fo kayak tutup,neut,neut,neg,service
bau kamarmandi sedap layan makan,neut,neut,neg,service
buruk kesana malam mala kaya emis buka pintu telepon mala gada,neut,neut,neg,service
not good ramah pelayananya,neut,neut,neg,service
overall bagus nyaman barang tinggal hotel bilang barang tinggal,neut,neut,neg,service
kecewa salah kamar nuansa kamar airyroom kali yaa,neut,neut,neg,service
air mati pagi sore tugas masuk ketuk pintu dl,neut,neut,neg,service
kamar nyaman staffnya berisik,neut,neut,neg,service
kamar nyaman harap layan service baik overall is good,neut,neut,neg,service
kesan ukur kamar diperbaikin salur tank closet pipa rusak service layan tingkat,neut,neut,neg,service
room fasilitas nya ok staff nya very very bad senyum care proses sih o rcp bantu,neut,neut,neg,service
keluarga tinggal kacamata baca jam datang info kecewa kacamata buang sesal simpan,neut,neut,neg,service
istirahat kamar buka pakai acces tugas hotel alas salah cek kamar privasi ganggu cek kamar sop nya daftar list kamar isi main masuk kamar ketuk pintu kecewa profesional tangan,neut,neut,neg,service
relokasi hotel alas error system over booking fasilitas hotel ganti bawah hotel dibooking moga ulang,neut,neut,neg,service
inap pakai jamin ktp uang ribu jaga cerewet kamar ketok,neut,neut,neg,service
kamar lumayan layan ramah,neut,neut,neg,service
kamar mandi bau banget breakfast enak makannannya tingkat layan,neut,neut,neg,service
kecewa layan nya nya airysunrisemeal nya lengkap,neut,neut,neg,service
air mati layan profesional,neut,neut,neg,service
jam operasional plng malam cepat pintu gerbang tutup jam,neut,neut,neg,service
housekeeping wifi lamban sesuai fasilitas mesan,neut,neut,neg,service
wifi payah tugas responsif wastafel buntu direspon tolong perhati,neut,neut,neg,service
layan manajemen hotel buruk jelek,neut,neut,neg,service
kamar sisa ac panas layan minimal,neut,neut,neg,service
lumayan bagus pas buru bandara pagi eh pagar kunci milik sekitar lorong teriak ngetokin kamar nanyain milik mana fiuh,neut,neut,neg,service
nginap suami malam kasih twin bed ganti gakbisa tggu besok keesekokan hari gakbisa shower airpanas panas breakfast lumayan layan siang beres room nya jam an luar room dirapihkan,neut,neut,neg,service
kamar profesional kasih tau sarap nasi goreng anter jam eh jam d telpon mie muah telor hmmmmmm,neut,neut,neg,service
tempat nyaman milik rada reseh hehehe,neut,neut,neg,service
tugas ramah,neut,neut,neg,service
layan receptionistnya nama lolita syarif sopan etika hotel bagus,neut,neut,neg,service
layan buruk,neut,neut,neg,service
layan,neut,neut,neg,service
kecewa inap sana check tugas tunggu jam jelas coba hubung ulang tanggap no kamar tlfn ambil kunci belakang pintu buka kamar layak pakai,neut,neut,neg,service
lebih pusat kota kurang hotel nya tua parkir pada air panas layan telf kamar fungsi layan kamar lamban dll,neut,neut,neg,service
ramah kondisi kamar ac masalah,neut,neut,neg,service
nyaman tenang wifi nya fungsi susah komunikasi tolong tingkatkn layan,neut,neut,neg,service
tingkat layan nya,neut,neut,neg,service
resepsionis nya parah jam malam tidur wifi tv kabel dimatiin tonton semut cari semut kamar pintu kunci cari makan pesan gofood parah wifi,neut,neut,neg,service
layan kecewa,neut,neut,neg,service
layan,neut,neut,neg,service
hari nya request no kamar ok h nya kamar ful,neut,neut,neg,service
kamar bagus fasilitas hotel sangka check jaga tau adayg pesan kamar telpon kalo list tamu jaga langsung tau,neut,neut,neg,service
layan layan cepat tanggap,neut,neut,neg,service
vs ramah,neut,neut,neg,service
layan ramah air mandi tempat pelosok susah cari,neut,neut,neg,service
baju hilang tanggung sariah curi nya layan buruk,neut,neut,neg,service
mimpi buruk resepsionis ramah fleksibel kamar jam tamu tunggu listrik mati pagi khabis udara uang deposit kembali butuh tip rasa timbang matang pilih airy,neut,neut,neg,service
telepon tempat hp datang jam siang pagar kunci inap cari hotel kecewa bawa keluarga,neut,neut,neg,service
layan mohon halus fasilitas bagus,neut,neut,neg,service
check tunggu jam kamar ac dingin kamar kamar buka karyawan hotel double booking salah hotel,neut,neut,neg,service
layan ramah jaga cewek jutek judes senyum kalo kamar sih muas layan,neut,neut,neg,service
layan hotel lambat responsif minta tamu,,,,service
staf hotel kes cuek ramah layan tamu,,,,service
kecewa kurang ramah sopan staf hotel,,,,service
layan kamar buruk minta penuh,,,,service
staf hotel latih tangan keluh tamu,,,,service
resepsionis informasi bingung,,,,service
layan check lambat efisien,,,,service
staf hotel proaktif tangan muncul inap,,,,service
lambat layan kamar konsisten bersih,,,,service
staf hotel peduli minat butuh tamu,,,,service
layan restoran hotel lambat tunggu pesan,,,,service
tanggap pada manajemen kait keluh aju,,,,service
staf hotel latih tangan situasi darurat darurat,,,,service
ketidakprofesionalan staf hotel pengaruh alam inap,,,,service
lambat layan concierge minim bantu,,,,service
staf hotel responsif minta tamu suasana nyaman,,,,service
layan kamar buruk salah penuh pesan,,,,service
kecewa sikap acuh acuh staf hotel butuh tamu,,,,service
staf hotel organisir sebab ruwet layan,,,,service
komunikasi staf hotel sebab bingung tamu,,,,service
sistem reservasi masalah kooperatif selesai,,,,service
ketidakmampuan staf hotel selesai cepat efisien,,,,service
layan kamar konsisten alam inap senang,,,,service
staf hotel sigap tanggap minta keluh tamu,,,,service
ketidakprofesionalan staf hotel rugi nyaman tamu,,,,service
layan restoran buruk staf perhati butuh tamu,,,,service
lambat informasi tamu,,,,service
staf hotel latih hadap situasi kompleks,,,,service
ketidakjelasan prosedur check out sebab ruwet inap,,,,service
layan kamar pada bersih jaga,,,,service
ketidaksantunan staf hotel tangan minta keluh tamu,,,,service
staf hotel perhati khusus tamu butuh bantu,,,,service
layan lambat kurang koordinasi hotel,,,,service
staf hotel tahu informasi akurat,,,,service
ketidakmampuan staf hotel selesai,,,,service
layan kamar konsisten alam inap muas,,,,service
staf hotel tanggap butuh tamu kondisi sehat,,,,service
ketidakmampuan staf hotel tangan situasi tangan cepat,,,,service
layan restoran buruk tamu abai,,,,service
staf hotel paham komunikasi efektif tamu,,,,service
ketidakprofesionalan staf hotel rugi citra layan hotel,,,,service
layan kamar kualitas sebab kecewa,,,,service
staf hotel peduli alami tamu,,,,service
ketidakmampuan staf hotel tangan situasi darurat,,,,service
layan penuh standar harap hotel,,,,service
staf hotel solusi muas keluh tamu,,,,service
ketidakjelasan prosedur layan tamu bingung,,,,service
layan kamar buruk alam inap senang,,,,service
staf hotel responsif perhati tamu,,,,service
ketidakprofesionalan staf hotel pengaruh nyaman puas tamu,,,,service
harga rupa makan pagi snack kurang air panas fungsi d,neut,pos,neut,linen
bantal enak kamar dingin keset nha,neut,pos,neut,linen
tampil kamar luas bed empuk fasilitas lengkap breakfastnya enak kamar no pintu belah kanan baik ac dingin shower baik bocor shower air panas fungsi,neut,pos,neut,linen
kamar jangkau sedia snack makan pagi kamar bau wangi kamar,neut,pos,neut,linen
good snack kamar sayang pas kamar ac nya dingin lebih keren langgan dsini,neut,pos,neut,linen
fasilitas jamin airy vs nyata tv chanel remote free wi koneksi lambat aplikasi kirim pesan ac muas comfy clean bed clean hot cold shower cold amenity kit muas free mineral water muas,neut,pos,neut,linen
terima kasih fasilitas kamar mandi air panas ok tidur ok lemari ok ac ok snack ok strategis swalayan makan parkir motor sempit wifi lumayan tv sinyal kabur alat sholat lengkap sedia sajadah pintu gerbang komplek buka jam s d wib,neut,pos,neut,linen
kamar bagus kali pakai airy toolkit snack wifi hotel connect overall bagus diskon,neut,pos,neut,linen
sekian kali plus minus dapat airy rooms slip air conditioner ac lamban tunggu jam jam ruang dingin over all kamar ssuai foto complimentary snack moga airy beda kamar trimakasih airy,neut,pos,neut,linen
snack gratis ranjang nyaman lokasi tv strategis kasur,neut,pos,neut,linen
kamar bersih rapi air mineral gratis cemilan gratis kurang kamar mandi baik bersih overall oke kesini,neut,pos,neut,linen
kamar ok bantal empuk ac dingin tidur mandi keringat,neut,pos,neut,linen
senang didlm kamar snack kamar nyaman gambar televisi bagus colok usb fungsi sarap enak,neut,pos,neut,linen
wifi jangkau kamar fasilitas,neut,pos,neut,linen
nyaman murah bsh oke snack air mineral tv air pnas ac perlengkpan mnd tinggal ac krg dingin,neut,pos,neut,linen
fasilitas sesuai janji terkadang sambung wifi kamar susah kamar wifi sambung,neut,pos,neut,linen
kamar bau lengkap lengkap air minum snack sabun mandi odol sikat gigi kamar mandi nyaman ac kamar dingin terima kasih airy room,neut,pos,neut,linen
fasilitas ok tv nya bersih antena,neut,pos,neut,linen
tidur hotel nyaman selimut sprei lembut buat istimewa,neut,pos,neut,linen
sprei selimut sedia hotel nyaman ekstra,neut,pos,neut,linen
kualitas tidur tidur nyenyak malam,neut,pos,neut,linen
senang bersih sprei selimut segar,neut,pos,neut,linen
alam tidur kualitas sprei premium,neut,pos,neut,linen
sprei selimut lembut istirahat nyaman,neut,pos,neut,linen
tidur hotel nyaman terima kasih selimut hangat,neut,pos,neut,linen
puas kualitas tidur selimut nyaman,neut,pos,neut,linen
sprei selimut hotel tidur istimewa,neut,pos,neut,linen
nyaman tidur selimut lembut,neut,pos,neut,linen
kualitas tidur berkat selimut hangat,neut,pos,neut,linen
sprei selimut lembut tidur malam senang,neut,pos,neut,linen
nyaman berkat kualitas tidur hotel,neut,pos,neut,linen
kualitas tidur prima terima kasih selimut nyaman,neut,pos,neut,linen
sprei selimut sedia alam tidur istimewa,neut,pos,neut,linen
tidur nyenyak selimut hangat,neut,pos,neut,linen
nyaman tidur selimut lembut,neut,pos,neut,linen
senang kualitas tidur hotel sprei nyaman,neut,pos,neut,linen
sprei selimut lembut tidur nyaman santai,neut,pos,neut,linen
alam tidur selimut hangat nyaman,neut,pos,neut,linen
nyaman tidur selimut lembut,neut,pos,neut,linen
puas kualitas tidur selimut nyaman,neut,pos,neut,linen
sprei selimut hotel tidur istimewa,neut,pos,neut,linen
kualitas tidur terima kasih selimut hangat,neut,pos,neut,linen
sprei selimut lembut istirahat nyaman,neut,pos,neut,linen
tidur hotel nyaman selimut sprei lembut buat istimewa,neut,pos,neut,linen
kualitas tidur nyaman selimut,neut,pos,neut,linen
nyaman berkat kualitas tidur hotel,neut,pos,neut,linen
kualitas tidur prima terima kasih selimut nyaman,neut,pos,neut,linen
sprei selimut sedia alam tidur istimewa,neut,pos,neut,linen
tidur nyenyak selimut hangat,neut,pos,neut,linen
nyaman tidur selimut lembut,neut,pos,neut,linen
senang kualitas tidur hotel sprei nyaman,neut,pos,neut,linen
sprei selimut lembut tidur malam senang,neut,pos,neut,linen
alam tidur selimut nyaman,neut,pos,neut,linen
nyaman tidur selimut hangat,neut,pos,neut,linen
nyaman berkat kualitas tidur hotel,neut,pos,neut,linen
sprei selimut sedia alam tidur istimewa,neut,pos,neut,linen
kualitas tidur prima terima kasih selimut nyaman,neut,pos,neut,linen
puas kualitas tidur selimut nyaman,neut,pos,neut,linen
tidur hotel nyaman terima kasih selimut hangat,neut,pos,neut,linen
sprei selimut lembut tidur istimewa,neut,pos,neut,linen
kualitas tidur nyaman selimut,neut,pos,neut,linen
nyaman berkat kualitas tidur hotel,neut,pos,neut,linen
kualitas tidur prima berkat selimut nyaman,neut,pos,neut,linen
sprei selimut sedia alam tidur istimewa,neut,pos,neut,linen
tidur nyenyak selimut hangat,neut,pos,neut,linen
nyaman tidur selimut lembut,neut,pos,neut,linen
senang kualitas tidur hotel sprei nyaman,neut,pos,neut,linen
sprei selimut lembut tidur malam senang,neut,pos,neut,linen
kasur nyaman bikin tidur kualitas airy rooms,neut,pos,neut,linen
tidur lembut banget sempurna istirahat nyaman,neut,pos,neut,linen
spreinya halus nyaman tidur malam senang,neut,pos,neut,linen
alam tidur sungguh muas bantal selimut lembut banget,neut,pos,neut,linen
nyaman banget tidur kasur empuk bikin istirahat,neut,pos,neut,linen
selimut bantal enak banget tidur nyaman,neut,pos,neut,linen
tidur nyaman alam inap senang,neut,pos,neut,linen
kasur empuk cozy istirahat nyaman,neut,pos,neut,linen
pilih tidur pas bikin tidur pulas malam,neut,pos,neut,linen
bantal sprei sungguh nyaman tidur,neut,pos,neut,linen
kasur juara nyaman banget tidur hari,neut,pos,neut,linen
tidur bersih empuk istirahat nyaman,neut,pos,neut,linen
bantal empuk banget bikin tidur nyenyak,neut,pos,neut,linen
spreinya halus lembut nyaman tidur malam,neut,pos,neut,linen
empuk banget kasur cocok istirahat aktivitas,neut,pos,neut,linen
tidur nyaman banget bikin betah kamar,neut,pos,neut,linen
bantal lembut bikin tidur nyaman pulas,neut,pos,neut,linen
sprei bersih nyaman alam inap,neut,pos,neut,linen
kasur nyaman banget bikin punggung pegal tidur,neut,pos,neut,linen
tidur cozy banget istirahat asyik,neut,pos,neut,linen
bantal empuk nyaman bikin tidur nyenyak,neut,pos,neut,linen
spreinya halus betah kamar nyaman tidur,neut,pos,neut,linen
kasur sungguh nyaman tidur nyenyak,neut,pos,neut,linen
tidur enak banget bikin istirahat nyaman,neut,pos,neut,linen
bantal empuk selimut lembut tidur nyaman,neut,pos,neut,linen
sprei bersih halus bikin betah kamar,neut,pos,neut,linen
kasur nyaman banget tidur kualitas,neut,pos,neut,linen
tidur cozy empuk bikin betah kamar,neut,pos,neut,linen
bantal lembut bikin tidur nyaman pulas,neut,pos,neut,linen
spreinya halus bersih nyaman istirahat,neut,pos,neut,linen
sprei selimut lembut istirahat nyaman,neut,pos,neut,linen
lengkap tidur sedia nyaman lembut,,,,linen
sprei tidur halus tidur senang,,,,linen
selimut kamar hangat empuk istirahat malam,,,,linen
handuk sedia bersih kualitas kesan awat ekstra,,,,linen
lengkap tidur hotel rumah nyaman,,,,linen
suka kualitas bersih selimut sedia kamar,,,,linen
handuk sedia lembut segar nyaman mandi,,,,linen
sprei bersih fresh,,,,linen
kualitas tekstil hotel nyaman,,,,linen
lengkap tidur kualitas alam inap istimewa,,,,linen
selimut kamar mewah nyaman tidur kualitas,,,,linen
handuk sedia segar wangi senang,,,,linen
suka tekstur bersih selimut sedia,,,,linen
lengkap tidur hotel istirahat,,,,linen
handuk lembut nyaman,,,,linen
kes kualitas sprei tidur,,,,linen
selimut sedia empuk tidur nyenyak,,,,linen
handuk sedia segar tebal nyaman sempurna,,,,linen
lengkap tidur alam tidur,,,,linen
kualitas bersih tekstil hotel lebih ekspektasi,,,,linen
selimut kamar bersih hangat malam nyaman,,,,linen
handuk sedia lembut,,,,linen
sprei nyaman sensasi tidur istimewa,,,,linen
kualitas lengkap tidur dua nyaman bersih,,,,linen
selimut sedia cocok iklim nyaman maksimal,,,,linen
handuk ganti bantu alam mandi,,,,linen
sprei milik kualitas tidur nyaman,,,,linen
kualitas bersih tekstil kamar jaga,,,,linen
selimut lembut hangat tidur senang,,,,linen
handuk sedia bersih lembut nyaman mandi,,,,linen
lengkap tidur hotel kualitas bantah,,,,linen
nyaman kualitas bersih selimut sedia,,,,linen
handuk sedia lembut wangi alam mandi,,,,linen
sprei bersih kesan rapi tidur,,,,linen
kualitas tekstil nyaman tidur kualitas,,,,linen
lengkap tidur nyaman,,,,linen
selimut sedia lembut nyaman tidur nyenyak,,,,linen
handuk sedia bersih tebal lembut alam senang,,,,linen
sprei kamar bersih kesan senang,,,,linen
kualitas lengkap tidur hotel istimewa nyaman,,,,linen
selimut sedia lembut kualitas tidur istimewa,,,,linen
handuk sedia kamar segar kualitas,,,,linen
sprei nyaman alam tidur,,,,linen
kualitas tekstil hotel kesan nyaman,,,,linen
selimut sedia hangat empuk tidur nyaman,,,,linen
handuk ganti bantu nyaman,,,,linen
sprei kamar bersih kesan nyaman,,,,linen
kualitas lengkap tidur alam istirahat,,,,linen
selimut sedia nyaman tidur istimewa,,,,linen
handuk sedia bersih lembut nyaman mandi istimewa,,,,linen
tidur keras bantal keras air panas fungsi ac dingin inap hotel kost inap airy room snack alat mandi kali dapat,neut,neg,neut,linen
selimut handuk kerak kotor,neut,neg,neut,linen
pintu toilet rusak kaca jendela rusak tv layak handuk usang seprei usang air wc,neut,neg,neut,linen
sabun snack airy room,neut,neg,neut,linen
kurang tamu kamar satpam ramah salur tv jernih sarap pagi enak selimut tebal pokok rekomen banget,neut,neg,neut,linen
shower rusak tempat gantung baju kamar mandi samping wc selimut bekas noda lebih oke,neut,neg,neut,linen
snack lengkap kamar mandi,neut,neg,neut,linen
air panas fungsi handuk lembab,neut,neg,neut,linen
pesan twin bedroom kasih single air mineral snack kali pesan iry snack nya thx numpang tidur yaaa,neut,neg,neut,linen
sepray kasur bantal ganti bau apek kamar mandi alat awat,neut,neg,neut,linen
kamar sesuai kamar bantal guling airy alat mandi airy room,neut,neg,neut,linen
kali muas kamar pintu kamar susah kunci seprei kasur bolong,neut,neg,neut,linen
strategis pusat kota snack ya bau asap rokok,neut,neg,neut,linen
jaring internet tingkat lampu kamar mandi ruang tingkat air minum kamar ukur liter sarung bantal ganti bercak kuning,neut,neg,neut,linen
oke sih fasilitas air minum dperhatikan dispenser galon ganti,neut,neg,neut,linen
kasih alat mandi kecuali handuk kasih air mineral wifi ok,neut,neg,neut,linen
ac dingin bocor stop kontak arus listrik cas hp malam dengar suara tikus lari plafon kamar handuk sedia,neut,neg,neut,linen
nyaman istirahat lengkap mandi lengkap sabun shampoo airy room tau fasilitas cemilan,neut,neg,neut,linen
lokasi strategis sarung bantal sprei bau handuk lusuh,neut,neg,neut,linen
wifi lantai air galon isi,neut,neg,neut,linen
tidur nyaman sarap enak pintu kamar mandi tutup handuk,neut,neg,neut,linen
layan ain handuk mandi,neut,neg,neut,linen
kasih handuk kotor wifi kamar omong wifi,neut,neg,neut,linen
free snack sabun shampoo airy ac nya bocor air nya ruang moga baik kerja mana hak konsumen,neut,neg,neut,linen
overall sesuai harga cemilan,neut,neg,neut,linen
acnya dingin tissunya laundrynya troble handuk cuman,neut,neg,neut,linen
sarung bantal spreinya aroma harum bau,neut,neg,neut,linen
recomended ac panas bantal bau ruang sesuai gmabr beda banget thx airy,neut,neg,neut,linen
hotel nyaman sayang handuk bagus air panas overall good,neut,neg,neut,linen
alat mandi lemari tv rusak pakai,neut,neg,neut,linen
lampu terang keset depn toilet overall ok,neut,neg,neut,linen
hotel maintenance sprei ganti nya bau wifi lot kamar bau rokok no smoking room makan lumayan,neut,neg,neut,linen
handuk available kamar wifi kamar kamar ujung siar tv bagus semut saran pakai tv cable,neut,neg,neut,linen
snack nya payah kalo ok,neut,neg,neut,linen
fasilitas tv chanelnya selimut tidur nyenyak nyamuk mohon fasilitas baik tks,neut,neg,neut,linen
air mandi hangat toiletries khas airy snack bantal piranti airy,neut,neg,neut,linen
buruk kasur bekas sperma seprai air bau karat kasur per rusak sabun habis pasword wifi tau,neut,neg,neut,linen
nyamuk air mati nyala warna hitam hot shower fungsi wi passwordnya snack minum kamar nyaman tenang ranjang empuk lokasi warung makan restoran ac dingin dispenser air panas dalam kamar toiletries handuk,neut,neg,neut,linen
nyaman kamar mandi bau gantung baju lingkunganya berisik,neut,neg,neut,linen
kamar lumayan sayang keset kamar mandi air ac dingin tolong baik costumer puas terima kasih,neut,neg,neut,linen
bagi alam inap airy masuk kamar baring mersa kecewa sarung bantal bau kesan pikir kusut pikir ganti ya sarung nyamuk semut sadar ketik bandara tas q smut,neut,neg,neut,linen
kamar luas sprei bantal bersih kmr mandi bau mohon d perhati bersih tidur,neut,neg,neut,linen
sandal check pas masuk kamar set airy snack nya overall s ok and nice place,neut,neg,neut,linen
nyaman lampu kamar mandi mati sprei kotor,neut,neg,neut,linen
selimut sprey bersih,neut,neg,neut,linen
syekali selimut bau bikin nyaman tidur ya sesuai harga,neut,neg,neut,linen
ac dingin bantal bau iler,neut,neg,neut,linen
ekspektasi untung inap diskon airy rugi lantai kelupas seprei cuci selimut seprei tipis remot ac fungsi handuk trlbh snack air mineral sbtulnya klpn jrg makan bukankh standard airy saran hrga normal,neut,neg,neut,linen
lumayan cuman kurang handuk,neut,neg,neut,linen
cemilan nya ya,neut,neg,neut,linen
sprei sarung bantal ganti air bau kamar jendela,neut,neg,neut,linen
air shower nya lancar selimut apek wifi kenceng,neut,neg,neut,linen
cemilannya ruang jendela,neut,neg,neut,linen
teman inap kamar airy handuk bau lorong kamar bau rokok selimut kotor bantal airy biru bau keringat makan outdoor bebas rokok anak anak wifi ok banget,neut,neg,neut,linen
kamar model huni kasur denyit denyit masuk kamar mandi cium bau bau kencing tikus suasana hotel nyaman,neut,neg,neut,linen
snack airy room nya,neut,neg,neut,linen
prtama kali masuk lantai basah banget checkin sore jam set masuk toilet nyalain showernya buang air kcl nyala bocor mana kena celana gakdapet anduk selimut tv nya buram semut kecewa,neut,neg,neut,linen
lokasi strategis jam malam jalan portal jam malam inap sekian kali kecewa ac mati panas handuk lengkap mandi kasi wifi nya mati remote tv mati ganti chanel tv tombol manual ok ok sana alam kecewa,neut,neg,neut,linen
snack nya kasih handuk kasih kasih,neut,neg,neut,linen
kecewa wifi mati bising selimut,neut,neg,neut,linen
snacknya kompor listrik,neut,neg,neut,linen
snack banding airy jogya ready alangkah baik sprei bed cover warna putih warna coklat,neut,neg,neut,linen
siar tv nya fungsi snack nya,neut,neg,neut,linen
bonus makan sisa biskuit minum,neut,neg,neut,linen
fasilitias oke seprei ganti better bungkus gigit tikus biji bantal,neut,neg,neut,linen
kamar sih standard ya harga segitu sarap terima tissue kamar bau rokok enggak ada shampoo tidur malam ya,neut,neg,neut,linen
ac bocor anduk sprey lusuh,neut,neg,neut,linen
inap snack air minum wifi free,neut,neg,neut,linen
snacknya ganggu snack bagus,neut,neg,neut,linen
lumayan bantal airy nya kotor,neut,neg,neut,linen
fasilitas snack minum,neut,neg,neut,linen
kamar lembab hot water handuk kasur nyaman,neut,neg,neut,linen
fasilitas lengkap bersih tidur bantal selimut sprei tolong perhati lumayan kotor,neut,neg,neut,linen
lokasi hotel seram preman air asin kasur busa springbed kamar bau apek sedia lengkap mandi hotel airyroom sepesan,neut,neg,neut,linen
lampu kamar redup lampu kamar mandi salah satu mati alat mandi ac fungsi normal asa ac nya kecil air panas kadang kadang,neut,neg,neut,linen
lumayan bagus sampah kamar kamar mandi air panas panas,neut,neg,neut,linen
kamar atur airy rooms bantal kain snackbar mineral water telp receptionist siap air panas bilang hangat koneksi internet pagi lot breakfast oke,neut,neg,neut,linen
kamar belah rel kak hotel s d sarap muas kamar lumayan kecewa handuk kapstok alas kaki kamar mandi tissue toilet kudu sedia snack free alat mandi airy,neut,neg,neut,linen
jelek makan airy,neut,neg,neut,linen
kamar pintu kamar mandi nya kunci shower nya rusak keset lampu kamar terang,neut,neg,neut,linen
snack kotak kosong air mandi air asin,neut,neg,neut,linen
bersih nyaman inap malam snack minum check bayar harga minum kena charge pikir hari hotel,neut,neg,neut,linen
kamar luas sarung bantal kotor ruang bau ac fungsi de,neut,neg,neut,linen
kamar rapi bau alas kaki kamar mandi nya,neut,neg,neut,linen
kamar nyaman fasilitas nya tambah sedia wifi kualitas baik ukur handuk sedia handuk ukur,neut,neg,neut,linen
ac dingin lengkap airy musti,neut,neg,neut,linen
sprei kasur handuk kurangp bersih kalo bersih oke,neut,neg,neut,linen
spray nya bersih,neut,neg,neut,linen
bagus sih cuman spring bed nya empuk kamer superior bkn standar wifinya kuat sinyal,neut,neg,neut,linen
sendaldan snack,neut,neg,neut,linen
seprai bed nya baik terimakasih,neut,neg,neut,linen
sandal gratis wifi kasih passwordnya aneh,neut,neg,neut,linen
bentuk hotel klasik bagus kolam renang letak hotel utama h h inap air minum snack,neut,neg,neut,linen
handuk layak pakai showernya bocor,neut,neg,neut,linen
sprei kusam cat tembok kamar mandi lepas lepas,neut,neg,neut,linen
kain kasur malam inap ganti asuh dingin,neut,neg,neut,linen
cemilan lengkap mandi ciri khas airy rooms jedela tisak korden,neut,neg,neut,linen
sprey bantal guling bersih kamar nyaman tenang,neut,neg,neut,linen
handuk bau,neut,neg,neut,linen
lengkap tidur kasar nyaman tidur,,,,linen
sprei kusam bersih,,,,linen
selimut kamar usang awat,,,,linen
handuk sedia kasar nyaman,,,,linen
kualitas lengkap tidur kecewa sesuai harga bayar,,,,linen
kecewa tekstur selimut nyaman,,,,linen
lengkap tidur hotel kusut awat,,,,linen
handuk sedia kusam segar,,,,linen
sprei kotor awat,,,,linen
selimut kamar kasar nyaman tidur,,,,linen
kualitas lengkap tidur standar harap,,,,linen
handuk sedia kasar layak,,,,linen
sprei lusuh kesan,,,,linen
selimut kamar bersih senang,,,,linen
kualitas lengkap tidur rendah alam inap senang,,,,linen
handuk sedia kusut nyaman,,,,linen
sprei kotor awat,,,,linen
selimut kamar segar awat,,,,linen
kualitas lengkap tidur buruk kesan negatif,,,,linen
handuk sedia kasar senang,,,,linen
sprei usang kesan bersih,,,,linen
selimut kamar kotor jaga bersih,,,,linen
kualitas lengkap tidur rendah istirahat malam nyaman,,,,linen
handuk sedia kasar nyaman mandi,,,,linen
sprei kusam nyaman tidur,,,,linen
selimut kamar awat bersih,,,,linen
kualitas lengkap tidur harap kecewa,,,,linen
handuk sedia kasar segar,,,,linen
sprei kotor kesan bersih,,,,linen
selimut kamar nyaman awat,,,,linen
kualitas lengkap tidur rendah kesan buruk hotel,,,,linen
handuk sedia kusam nyaman,,,,linen
sprei usang bersih,,,,linen
selimut kamar kotor nyaman tidur,,,,linen
kualitas lengkap tidur buruk ganggu alam inap,,,,linen
handuk sedia kasar segar,,,,linen
sprei kusut kesan rapi,,,,linen
selimut kamar usang nyaman,,,,linen
kualitas lengkap tidur rendah alam inap buruk,,,,linen
handuk sedia kasar nyaman,,,,linen
sprei kotor awat,,,,linen
selimut kamar bersih jaga bersih,,,,linen
kualitas lengkap tidur kecewa sesuai harap,,,,linen
handuk sedia kusam nyaman,,,,linen
sprei usang bersih,,,,linen
selimut kamar kotor nyaman tidur,,,,linen
kualitas lengkap tidur buruk dampak negatif alam inap,,,,linen
handuk sedia kasar segar,,,,linen
sprei kusam nyaman tidur,,,,linen
selimut kamar awat bersih,,,,linen
